1. account,account
2. act,act
4. adjustment,adjustment
5. advertisement,advertisement
6. agreement,agreement
7. air,air
8. amount,amount
9. amusement,amusement
10. animal,animal
11. answer,answer
12. apparatus,apparatus
13. approval,approval
14. argument,argument
15. art,art
16. attack,attack
17. attempt,attempt
18. attention,attention
19. attraction,attraction
20. authority,authority
21. back,back
22. balance,balance
23. base,base
24. behavior,behavior
25. belief,belief
26. birth,birth
27. bit,bit
28. bite,bite
29. blood,blood
30. blow,blow
31. body,body
32. brass,brass
33. bread,bread
34. breath,breath
35. brother,brother
36. building,building
37. burn,burn
38. burst,burst
39. business,business
40. butter,butter
41. canvas,canvas
42. care,care
43. cause,cause
44. chalk,chalk
45. chance,chance
46. change,change
47. cloth,cloth
48. coal,coal
49. color,color
50. comfort,comfort
51. committee,committee
52. company,company
53. comparison,comparison
54. competition,competition
55. condition,condition
56. connection,connection
57. control,control
58. cook,cook
59. copper,copper
60. copy,copy
61. cork,cork
62. copy,copy
63. cough,cough
64. country,country
65. cover,cover
66. crack,crack
67. credit,credit
68. crime,crime
69. crush,crush
70. cry,cry
71. current,current
72. curve,curve
73. damage,damage
74. danger,danger
75. daughter,daughter
76. day,day
77. death,death
78. debt,debt
79. decision,decision
80. degree,degree
81. design,design
82. desire,desire
83. destruction,destruction
84. detail,detail
85. development,development
86. digestion,digestion
87. direction,direction
88. discovery,discovery
89. discussion,discussion
90. disease,disease
91. disgust,disgust
92. distance,distance
93. distribution,distribution
94. division,division
95. doubt,doubt
96. drink,drink
97. driving,driving
98. dust,dust
99. earth,earth
100. edge,edge
101. education,education
102. effect,effect
103. end,end
104. error,error
105. event,event
106. example,example
107. exchange,exchange
108. existence,existence
109. expansion,expansion
110. experience,experience
111. expert,expert
112. fact,fact
113. fall,fall
114. family,family
115. father,father
116. fear,fear
117. feeling,feeling
118. fiction,fiction
119. field,field
120. fight,fight
121. fire,fire
122. flame,flame
123. flight,flight
124. flower,flower
125. fold,fold
126. food,food
127. force,force
128. form,form
129. friend,friend
130. front,front
131. fruit,fruit
132. glass,glass
133. gold,gold
134. government,government
135. grain,grain
136. grass,grass
137. grip,grip
138. group,group
139. growth,growth
140. guide,guide
141. harbor,harbor
142. harmony,harmony
143. hate,hate
144. hearing,hearing
145. heat,heat
146. help,help
147. history,history
148. hole,hole
149. hope,hope
150. hour,hour
151. humor,humor
152. ice,ice
153. idea,idea
154. impulse,impulse
155. increase,increase
156. industry,industry
157. ink,ink
158. insect,insect
159. instrument,instrument
160. insurance,insurance
161. interest,interest
162. invention,invention
163. iron,iron
164. jelly,jelly
165. join,join
166. journey,journey
167. judge,judge
168. jump,jump
169. kick,kick
170. kiss,kiss
171. knowledge,knowledge
172. land,land
173. language,language
174. laugh,laugh
175. low,low
176. lead,lead
177. learning,learning
178. leather,leather
179. letter,letter
180. level,level
181. lift,lift
182. light,light
183. limit,limit
184. linen,linen
185. liquid,liquid
186. list,list
187. look,look
188. loss,loss
189. love,love
190. machine,machine
191. man,man
192. manager,manager
193. mark,mark
194. market,market
195. mass,mass
196. meal,meal
197. measure,measure
198. meat,meat
199. meeting,meeting
200. memory,memory
201. metal,metal
202. middle,middle
203. milk,milk
204. mind,mind
205. mine,mine
206. minute,minute
207. mist,mist
208. money,money
209. month,month
210. morning,morning
211. mother,mother
212. motion,motion
213. mountain,mountain
214. move,move
215. music,music
216. name,name
217. nation,nation
218. need,need
219. news,news
220. night,night
221. noise,noise
222. note,note
223. number,number
224. observation,observation
225. offer,offer
226. oil,oil
227. operation,operation
228. opinion,opinion
229. order,order
230. organization,organization
231. ornament,ornament
232. owner,owner
233. page,page
234. pain,pain
235. paint,paint
236. paper,paper
237. part,part
238. paste,paste
239. payment,payment
240. peace,peace
241. person,person
242. place,place
243. plant,plant
244. play,play
245. pleasure,pleasure
246. point,point
247. poison,poison
248. polish,polish
249. porter,porter
250. position,position
251. powder,powder
252. power,power
253. price,price
254. print,print
255. process,process
256. produce,produce
257. profit,profit
258. property,property
259. prose,prose
260. protest,protest
261. pull,pull
262. punishment,punishment
263. purpose,purpose
264. push,push
265. quality,quality
266. question,question
267. rain,rain
268. range,range
269. rate,rate
270. ray,ray
271. reaction,reaction
272. reading,reading
273. reason,reason
274. record,record
275. regret,regret
276. relation,relation
277. religion,religion
278. representative,representative
279. request,request
280. respect,respect
281. rest,rest
282. reward,reward
283. rhythm,rhythm
284. rice,rice
285. river,river
286. road,road
287. roll,roll
288. room,room
289. rub,rub
290. rule,rule
291. run,run
292. salt,salt
293. sand,sand
294. scale,scale
295. science,science
296. sea,sea
297. seat,seat
298. secretary,secretary
299. selection,selection
300. self,self
301. sense,sense
302. servant,servant
303. sex,sex
304. shade,shade
305. shake,shake
306. shame,shame
307. shock,shock
308. side,side
309. sign,sign
310. silk,silk
311. silver,silver
312. sister,sister
313. size,size
314. sky,sky
315. sleep,sleep
316. slip,slip
317. slope,slope
318. smash,smash
319. smell,smell
320. smile,smile
321. smoke,smoke
322. sneeze,sneeze
323. snow,snow
324. soap,soap
325. society,society
326. son,son
327. song,song
328. sort,sort
329. sound,sound
330. soup,soup
331. space,space
332. stage,stage
333. start,start
334. statement,statement
335. steam,steam
336. steel,steel
337. step,step
338. stitch,stitch
339. stone,stone
340. stop,stop
341. story,story
342. stretch,stretch
343. structure,structure
344. substance,substance
345. sugar,sugar
346. suggestion,suggestion
347. summer,summer
348. support,support
349. surprise,surprise
350. swim,swim
351. system,system
352. talk,talk
353. taste,taste
354. tax,tax
355. teaching,teaching
356. tendency,tendency
357. test,test
358. theory,theory
359. thing,thing
360. thought,thought
361. thunder,thunder
362. time,time
363. tin,tin
364. top,top
365. touch,touch
366. trade,trade
367. transport,transport
368. trick,trick
369. trouble,trouble
370. turn,turn
371. twist,twist
372. unit,unit
373. use,use
374. value,value
375. verse,verse
376. vessel,vessel
377. view,view
378. voice,voice
379. walk,walk
380. war,war
381. wash,wash
382. waste,waste
383. water,water
384. wave,wave
385. wax,wax
386. way,way
387. weather,weather
388. week,week
389. weight,weight
390. wind,wind
391. wine,wine
392. winter,winter
393. woman,woman
394. wood,wood
395. wool,wool
396. word,word
397. work,work
398. wound,wound
399. writing,writing
400. year,year
1. angle,angle
2. ant,ant
3. apple,apple
4. arch,arch
5. arm,arm
6. army,army
7. baby,baby
8. bag,bag
9. ball,ball
10. band,band
11. basin,basin
12. basket,basket
13. bath,bath
14. bed,bed
15. bee,bee
16. bell,bell
17. berry,berry
18. bird,bird
19. blade,blade
20. board,board
21. boat,boat
22. bone,bone
23. book,book
24. boot,boot
25. bottle,bottle
26. box,box
27. boy,boy
28. brain,brain
29. brake,brake
30. branch,branch
31. brick,brick
32. bridge,bridge
33. brush,brush
34. bucket,bucket
35. bulb,bulb
36. button,button
37. cake,cake
38. camera,camera
39. card,card
40. carriage,carriage
41. cart,cart
42. cat,cat
43. chain,chain
44. cheese,cheese
45. chess,chess
46. chin,chin
47. church,church
48. circle,circle
49. clock,clock
50. cloud,cloud
51. coat,coat
52. collar,collar
53. comb,comb
54. cord,cord
55. cow,cow
56. cup,cup
57. curtain,curtain
58. cushion,cushion
59. dog,dog
60. door,door
61. drain,drain
62. drawer,drawer
63. dress,dress
64. drop,drop
65. ear,ear
66. egg,egg
67. engine,engine
68. eye,eye
69. face,face
70. farm,farm
71. feather,feather
72. finger,finger
73. fish,fish
74. flag,flag
75. floor,floor
76. fly,fly
77. foot,foot
78. fork,fork
79. fowl,fowl
80. frame,frame
81. garden,garden
82. girl,girl
83. glove,glove
84. goat,goat
85. gun,gun
86. hair,hair
87. hammer,hammer
88. hand,hand
89. hat,hat
90. head,head
91. heart,heart
92. hook,hook
93. horn,horn
94. horse,horse
95. hospital,hospital
96. house,house
97. island,island
98. jewel,jewel
99. kettle,kettle
100. key,key
101. knee,knee
102. knife,knife
103. knot,knot
104. leaf,leaf
105. leg,leg
106. library,library
107. line,line
108. lip,lip
109. lock,lock
110. map,map
111. match,match
112. monkey,monkey
113. moon,moon
114. mouth,mouth
115. muscle,muscle
116. nail,nail
117. neck,neck
118. needle,needle
119. nerve,nerve
120. net,net
121. nose,nose
122. nut,nut
123. office,office
124. orange,orange
125. oven,oven
126. parcel,parcel
127. pen,pen
128. pencil,pencil
129. picture,picture
130. pig,pig
131. pin,pin
132. pipe,pipe
133. plane,plane
134. plate,plate
135. plough,plough
136. pocket,pocket
137. pot,pot
138. potato,potato
139. prison,prison
140. pump,pump
141. rail,rail
142. rat,rat
143. receipt,receipt
144. ring,ring
145. rod,rod
146. roof,roof
147. root,root
148. sail,sail
149. school,school
150. scissors,scissors
151. screw,screw
152. seed,seed
153. sheep,sheep
154. shelf,shelf
155. ship,ship
156. shirt,shirt
157. shoe,shoe
158. skin,skin
159. skirt,skirt
160. snake,snake
161. sock,sock
162. spade,spade
163. sponge,sponge
164. spoon,spoon
165. spring,spring
166. square,square
167. stamp,stamp
168. star,star
169. station,station
170. stem,stem
171. stick,stick
172. stocking,stocking
173. stomach,stomach
174. store,store
175. street,street
176. sun,sun
177. table,table
178. tail,tail
179. thread,thread
180. throat,throat
181. thumb,thumb
182. ticket,ticket
183. toe,toe
184. tongue,tongue
185. tooth,tooth
186. town,town
187. train,train
188. tray,tray
189. tree,tree
190. trousers,trousers
191. umbrella,umbrella
192. wall,wall
193. watch,watch
194. wheel,wheel
195. whip,whip
196. whistle,whistle
197. window,window
198. wing,wing
199. wire,wire
200. worm,worm
201. mystery,mystery
,boost
,cure
,destiny
,greed
,fix
,conspiracy
,disinformation
,fleece
,payback
,vindication
,insider
,deadline
,satisfaction
,joy
,research
,faith
,saint
,anxiety
,sadness
,austerity
,lust
,passion
,inspiration
,enthusiasm
,anticipation
,junk
,admiration